{"cameraMode":{"drawMode":0,"name":"Shaded","section":"Shading Mode"},"sceneLighting":true,"audioPlay":false,"sceneViewState":{"showFog":true,"showMaterialUpdate":false,"showSkybox":true,"showFlares":true,"showImageEffects":true,"showParticleSystems":true},"in2DMode":false,"pivot":{"x":18.18742561340332,"y":-3.5832278728485109,"z":-10.30316162109375},"rotation":{"x":0.005047575570642948,"y":-0.9844319224357605,"z":0.17335519194602967,"w":0.02866245247423649},"size":18.716230392456056,"orthographic":false}