{"cameraMode":{"drawMode":0,"name":"Shaded","section":"Shading Mode"},"sceneLighting":false,"audioPlay":false,"sceneViewState":{"showFog":true,"showMaterialUpdate":false,"showSkybox":false,"showFlares":true,"showImageEffects":true,"showParticleSystems":true},"in2DMode":false,"pivot":{"x":0.053937435150146487,"y":2.5388541221618654,"z":0.5792899131774902},"rotation":{"x":-0.0429518036544323,"y":0.9535773992538452,"z":-0.16497372090816499,"w":-0.2482672482728958},"size":11.829036712646485,"orthographic":false}